admin,2ce3cbb0dc94735e22517cf1aefcd45c33405bf6e4663877663ef35f4f1a36d7,74385446
user1,5c3a5cdfd8d21f5b36545d251382b211f04f0d3240da9138b091c87ee3fb7414,a158ef5e
user2,354
user3,t
user4,35
jenifer,dumbass,7d753ca2
james,5a5357fa3d14c831bfcaec963e9bef829965d271b352150d9f9621697f7476ce,c663a3e0
mochi,a8462a72e191746ed6591aeea4784996c06f53523638b677d335381a4816e047,e7757960
james,3ae2779922895436b5e0e47c664f2886306fbf565b3c616ce1fb96f76b064548,a21f7467
hello,4338b3af62a5f0d4ca56bce8636dda7c651dff89bb2bb5fbfbc5fa3fb655df5e,b14d2559
